website_url,website_creator_name,comments
www.wakalu.com,,
https://www.unearthstore.com/,,
https://realm.chat,,
zerohero.my,,
repotlah.com,,
http://www.hispeedcity.com/,,
www.fincrew.my,,
https://thelorry.com/my/,,
https://www.kaodim.com/,,
https://www.maideasy.my/,,
http://data8.my/,,
https://duriooplus.com/,,
https://www.ezyhaul.com/,,
https://after5.co/,,
https://www.trusafe.com.my/,,
https://tetrium.io/,,
https://made4u.my/,,
http://istream.my/v2/#,,
https://www.avenirlab.com/,,
https://txmr.my/,,
https://nuvending.my/,,
http://www.aerorisk.org.my,,
https://gokudos.io/,,
https://halal-navi.com/,,
https://www.thenoor.co/my/,,
https://ant-internet.com/,,
https://www.fundaztic.com/my/,,
https://www.finanshere.com/,,
https://sonicboom.my/,,
https://swipey.co/,,
https://airupthereco.com/,,
https://www.swag.my/,,
https://www.tripfez.com/en,,
https://www.ihandal.com/,,
https://socar.my/consumer,,
https://etherscan.io/,,
https://www.myboost.com/,,
https://www.bigpayme.com/,,
https://www.wipdata.com/,,
https://innoveam.com/,,
http://trifold.biz/,,
https://www.krobox.com/,,
https://coqnitics.com/,,
https://virtareal.asia/,,
https://www.kasradesign.com/,,
https://clazzy.my/,,
https://www.alfaandfriends.com/,,
https://upstackstudio.com/,,
https://invokeisdata.com/,,
https://www.avmcloud.net/,,
https://pledgecare.org/,,
https://theplow.my/,,
https://www.lanternmedia.io/,,
https://www.roomplus.asia/,,
https://borzodelivery.com/my,,
https://trees-engineering.com/,,
https://jomsettle.com/,,
https://virgingreensx.com/,,
https://plantcartridge.com/,,
https://www.agritix.com/,,
https://armaworldwide.com/,,
https://www.onfast.app/,,
https://www.mmob.com/,,
https://avixocms.com/,,
https://kairos.my/,,
https://www.askhargapedia.com/,,
https://atap.co/malaysia/en,,
https://my.hiredly.com/,,
https://www.iolace.com/home,,
https://www.exabytes.my/,,
https://www.mydidian.com/,,
https://www.easywork.asia/,,
https://www.createwills.my/#,,
http://www.airislabs.my/,,
https://aimsity.com/,,
https://www.coingecko.com/en,,
https://supernewsroom.com/,,
https://newswav.com/,,
https://loanplus.com.my/,,
https://www.fundmyhome.com/,,
https://daxventure.com/,,
https://www.aoikumo.com/,,
https://www.adshelper.com/,,
https://www.du-it.my/,,
https://www.biogenestech.com/,,
https://istoreisend.com/,,
-,,
https://www.justgood.com.my/,,
https://arrivo.app/,,
https://www.accetera-app.com/,,
https://www.linkup.my/,,
https://lottiefiles.com/,,
https://jocom.my/,,
https://products2u.my/,,
https://koha.digital/,,
https://craftla.co/,,
https://ideaku.io/,,
https://biswayenergy.com/,,
https://cofundr.com.my/,,
https://www.perkaholic.com.my/,,
https://www.nextacademy.com/,,
https://pandansocial.com/,,
https://astariz.com/,,
https://www.appsaya.com,,
https://www.billplz.com/,,
https://www.evlos.ai/,,
https://www.playbookx.com/,,
https://mesolitica.com/,,
https://technerve.my/,,
https://www.evetag.com/,,
https://qmed.asia/en,,
https://mycareconcierge.com/,,
https://www.policystreet.com/,,
https://www.agiliux.com/,,
https://www.roomah.co/,,
https://www.jomrun.com/,,
https://mobiva.net/,,
https://www.engame.asia/,,
https://www.blocklime.com/,,
https://rapidevelop.my/,,
https://flipbizz.com/,,
https://www.cloudbreakr.com/,,
https://ifiber.my/,,
https://tagla.com.my/,,
https://arleta.my/,,
https://enlightyx.io/,,
https://finology.com.my/,,
http://stixfresh.my/,,
https://vireserve.com/,,
https://fitsea.com.my/,,
https://www.boostorder.com/,,
https://www.pickiddo.com/,,
https://www.blinkware.ai/,,
https://www.zeptoexpress.com/my/,,
https://www.robopreneur.com/,,
https://techcareinnovation.com/,,
https://www.telebort.com/,,
https://deltaglobal.com.my/,,
https://datamicron.com/,,
https://www.t-robot.my/,,
http://www.pulsy.io/,,
https://www.secondcrm.com/,,
https://letmestore.com/,,
https://havva.my/,,
https://otomailer.com/,,
https://caricarz.com/,,
https://officio.work/,,
https://cikguu.com/,,
https://gowaus.com/,,
https://www.homeworks.my/,,
https://www.briqbloq.com/,,
https://estate123.my/,,
https://www.living.my/,,
https://propenomy.com/,,
https://properly.asia/,,
https://www.propertyhunter.com.my/,,
https://www.prosales.tech/,,
https://www.rekatone.com/,,
https://www.rentlab.com.my/,,
https://www.servedeck.com/,,
https://www.tenancysystem.com/,,
https://hostplatform.com/,,
http://widebed.com/,,
https://www.cozyhomes.my/,,
https://www.i-neighbour.com/,,
https://www.squarefeetpro.com/,,
https://isolutions.cmi.chinamobile.com/,,
https://www.fusionqb.com/,,
https://www.novoreperio.com/,,
https://pewarisan.com/,,
https://documation.com.my/,,
http://www.urbanxhub.com/urbanxev/,,
https://www.paymence.com,,
http://hsa.com.my/landing/3itech-proptech/,,
http://aizebra.com.my,,
https://www.harigaji.com/,,
http://www.clickncare.net,,
https://traitily.com/,,
https://www.payex.io/,,
https://www.entrusol.com/en/,,
https://my.pickupp.io/,,
https://www.askalan.com.my/,,
https://bereev.com/,,
https://www.medkad.com/,,
https://www.iggarena.com/,,
https://www.dfautomation.com/,,
https://alphaswift.com/,,
https://farcapital.com.my/,,
https://couponuts.com/,,
https://landlord123.app,,
http://www.oxtions.com/,,
https://www.zagpodcasts.com/,,
http://www.sweetsmarket.co/,,
https://www.sotipsy.com/,,
https://sendmylove.co/,,
https://hellorecrave.wixsite.com/my-site,,
https://www.mybarter.com.my/,,
https://myfirstseed.co/,,
http://www.mrtechy.my,,
https://www.klik-asia.com/,,
https://www.invilent.com,,
https://www.intelliwaremy.com/,,
http://goodnightkl.com/,,
https://wasave.webflow.io/,,
https://www.tumpang.com.my/,,
https://admin.gotsnapped.tech/hello,,
https://www.qarbotech.com/ ,,
https://linktr.ee/Zestyclickz,,
https://zmtask.com/,,
http://www.chumup.my,,
https://www.yeshello.chat/,,
http://www.thelogchain.com,,
https://uskuhub.com.my,,
http://www.salesteddy.com,,
https://my.priceshop.com/,,
http://www.solvnex.com,,
http://www.rtist.com.my,,
http://www.datasukan.com,,
http://bleebluh.com,,
https://digitalforest.io/,,
https://www.bawiq.com/,,
http://www.favorapp.my,,
http://www.cabvisiontech.com,,
http://www.niutecs.com.my,,
https://www.renomew.com/,,
https://www.kebunkita.biz/,,
http://vasestudio.com,,
https://strive.asia,,
https://twitter.com/tfgames_,,
http://myfitbox.co,,
https://www.fenoriadesign.com/,,
https://www.du-it.my/,,
https://modenkol.com,,
http://www.walawong.com/,,
http://www.voxeat.co,,
http://www.virtualtechfrontier.com,,
http://www.singular.to,,
https://www.spaceplus.app/,,
https://www.progressturesolar.com/,,
http://www.pickar.my,,
http://www.nexmind.ai,,
https://moopt.com,,
https://looka.my,,
http://www.limpopotech.com,,
goodkids.com.my,,
https://www.rekatone.com/,,
https://www.easyeats.io/,,
https://cokeeps.com/,,
https://www.code7.asia,,
https://www.cloudtheatre.com,,
http://www.axceligent.com,,
http://www.artmeet.my,,
https://aliments.my/,,
https://www.aiconcept.com.my/,,
https://actionalmd.com,,
https://planally.com/,,
https://www.oyen.my/,,
https://placee.my/,,
https://bantulah.com,,
https://www.morr.my/,,
https://tutorxcess.com/,,
https://www.retailetics.com,,
http://task2bid.com,,
https://kumpool.com.my/index.php ,,
https://payhalal.my/,,
http://www.rodeo.my,,
https://www.alias-innovation.com/,,
https://www.alfie.asia/,,
http://trutrip.co,,
https://www.jazro.com.my/,,
https://www.wellnessatp.com/index.php/en/,,
https://iotsata.com/,,
https://www.myweekendplan.asia/,,
https://www.logistika.com.my/,,
https://weride.my/,,
https://maslahatech.net/,,
https://my.linkedin.com/company/loyalbyte?trk=public_profile_topcard-current-company,,
https://jomcut.com/,,
https://www.instagram.com/greenbox_my/,,
https://www.facebook.com/ePink.Health/,,
http://doworkbooks.com/,,
https://www.facebook.com/docspe/,,
https://www.bemediaparty.com/,,
http://babybaru.com/,,
https://supagene.asia/,,
https://www.sparkfit.com.my/,,
https://otofacts.com/my/,,
https://arusoil.com/,,
https://hawkrfood.com/,,
https://www.linkedin.com/company/gogerak/,,
https://www.linkedin.com/company/ejenkita/,,
https://www.cultcreative.asia/,,
https://altum.io/,,
https://www.neuxp.com,,
https://www.adzappr.com/,,
https://lsltech.net/,,
http://www.instaspace.my,,
https://fin2u.net/,,
https://www.kabel.my/,,
https://www.DeGrocery.com,,
https://flowyteam.com,,
http://www.pasarsegar.my/,,
https://www.footiezz.com,,
https://instaweb.my/,,
http://www.kiddy123.com,,
http://sedapek.com,,
https://www.gameconomy.tech,,
http://www.lokasi.co,,
https://www.gtm-great.com/,,
https://getofficio.today,,
https://masalawheels.com/,,
http://www.ayesolutions-sea.com,,
https://www.insightzclub.com/,,
https://modernlms.com/,,
https://bazaar-rakyat.com,,
https://startachi.weebly.com/,,
https://ikitar.com/,,
https://nanka.in/,,
http://babybaru.com/,,
https://www.traitquest.com/,,
https://www.imin.my/,,
https://app.hyred.my/#,,
https://www.doc2us.com/,,
https://www.doctoranywhere.my/,,
https://www.saltycustoms.com/,,
https://www.applecrumbyandfish.com/,,
http://www.zilzar.com/,,
https://www.greenhero.net/,,
http://www.catamaborneo.com/,,
https://www.havanclothing.com/,,
https://www.humankind.my/,,
http://lumina-ry.com/,,
https://mentalogue.my/,,
https://deliccia.my/,,
https://wiseai.tech/,,
https://www.facebook.com/sluvinatural/,,
https://www.theasli.co/,,
https://tapaoware.com/,,
http://www.jejahit.com,,
https://www.dresstal.com/,,
https://www.luggez.com/,,
https://shaves2u.com/,,
https://www.folofarms.com/,,
https://gobbleshopper.com/,,
https://tripcarte.asia/,,
https://goquo.com/,,
https://www.imortgage2u.com/promo/,,
https://www.bodanda.com/,,
https://www.huddlehuddle.com/,,
https://www.iconstruct.my/,,
https://virtualx.my/,,
https://recqa.com/,,
https://tanalink.com/,,
https://www.orangefinasia.com/index.php,,
https://digital.leaderonomics.com/necoleapp/,,
https://www.talentcloud.ai/,,
https://betacard.app/,,
https://www.supplycart.my/,,
https://h2go.global/,,
https://projected.my/,,
https://www.seruminitiative.com/,,
https://makehaysunshine.com/,,
http://fairwiz.com/,,
https://www.ellegra.com.my/,,
https://poptron.co/,,
https://veggies.my/,,
https://www.aidaro.com/,,
https://howuku.com/,,
http://parcellah.com/,,
https://prepay.my/,,
https://www.myrush.com.my/,,
http://www.caritutor.my/,,
https://become.my/,,
https://www.mypacked.com/,,
http://nextsix.com/,,
https://www.vircle.com/,,
https://www.tryke.co/,,
https://www.exartist.com/,,
https://unienrol.com/,,
https://www.vita.net.my/,,
https://niagawan.com,,
https://thekedua.com/,,
https://www.locumapps.com/,,
https://theleasyapp.com/,,
https://www.klezcar.com/,,
https://www.traqkid.my/,,
https://trustmaven.co/,,
https://www.finory.app/,,
http://main.warnadigital.com/,,
https://preventech.com.my/?fbclid=IwAR20eOJXU-AUsDzFYtuUT2Hnlx-JqR6ps8Zi1NVe8e4HmjPFfXLfXXPeMNo,,
https://teachme.com.my/,,
https://samedaydelivery.motorex.com.my/,,
http://quikhalal.com/,,
https://finc.life/,,
https://charbycharge.com/,,
https://melabglobal.com/,,
https://www.ibanding.my/,,
https://riipay.my/,,
https://barnything.com.my/,,
https://sharefer.me/,,
https://kewdoo.com/,,
https://vodus.com/,,
https://www.easywork.asia/,,
https://bjak.my/,,
https://osem.me/,,
https://encoremed.io/,,
https://www.wedding.com.my/,,
https://web.tambahpoint.com/,,
https://getrunner.my/v2/,,
https://fourlead.com/home,,
https://www.setel.my/,,
https://www.jetspree.com/my/,,
https://www.hireseniors.my/,,
https://load2go.com.my/,,
https://upsettled.com/,,
https://fuhla.com/,,
https://sentuh.my/,,
https://www.erufucare.com/,,
https://www.tunaikoop.com/,,
https://planetmahir.com/,,
https://iimmpact.com/,,
http://www.kiddocare.my/,,
https://www.tilljannah.my/,,
http://tinygreens.my/,,
https://nutribah.com/,,
https://www.hatio.my/,,
https://www.rhodomaxx.com/,,
https://bayuharvest.com/password,,
https://www.droupr.com/,,
https://www.ezyoffice.com.my/,,
https://www.milkadeal.com/,,
https://www.internsheeps.com/,,
https://capbay.com/,,
https://apps.mhub.my/,,
https://www.athleteforathletes.com/,,
https://www.arteca.com.my/,,
http://www.didigo.com.my/,,
https://www.ga-alliance.com/,,
https://thecarpedia.com/,,
https://binshosolutions.com/,,
https://www.wekago.com/,,
https://www.trucktrader.com.my/,,
https://pasarkita.my/,,
https://www.kapitani.co/,,
https://www.joompa.com.my/,,
http://www.bebeep.net/,,
http://www.activwalk.com/,,
https://tellnsearch.com/,,
https://www.venturegrab.com/,,
https://www.wonderfly.asia/,,
https://www.upal.com.my/,,
https://www.rtist.com.my/,,
https://www.printcious.com/,,
https://www.picmote.com/,,
https://www.malldash.com.my/,,
https://kwikcar.my/,,
https://www.homa2u.com/,,
https://www.firegent.com/,,
https://travelog.com/,,
https://www.advanxhealth.com/,,
https://bigbrainbank.org/,,
https://www.100percentproject.org/,,
https://www.abelytics.com/,,
https://eduadvisor.my/,,
https://krenovator.cc/,,
https://www.sync.my/,,
https://gotapway.com/,,
https://pipeline-network.com/,,
https://trackerhero.com/,,
https://www.yellowporter.com/home,,
https://kiddypass.com/,,
https://www.printniu.com/,,
https://gargeon.com/,,
http://bebonobo.com/,,
https://www.creativesandbox.com.my/,,
https://popmach.com/,,
https://www.langit.com.my/,,
https://www.mycashmy.com/,,
https://www.staynest.com/,,
https://projectkappa.life/,,
https://orpheuscapital.com.my/,,
https://roboshoptechnologies.com/,,
https://www.hr2eazy.com/,,
https://www.futurelab.my/,,
https://www.sushivid.com/,,
https://www.jompaw.com/,,
https://www.youthstoday.com/,,
https://mncorp.co/,,
https://www.floop.com.my/,,
https://kommu.ai/,,
https://gpsfleet.my/,,
https://www.zcova.com/,,
https://www.directlending.com.my/ms/,,
https://www.speedbrick.com/,,
https://stringsoul.co/,,
https://mrpaylater.com/,,
https://fleetata.com/,,
https://www.urbanmetry.com/,,
https://www.beed.world/,,
https://www.instapaytech.com/,,
https://www.collectco.my/,,
https://ezyspark.com/,,
https://rentguard.com.my/,,
https://www.foodconnection.com.my/,,
https://www.amazingraze.com/,,
https://www.fugeelah.com/,,
http://eatsshootsandroots.org/,,
https://www.cobnb.com.my/,,
https://www.epostexpress.com/,,
https://www.rentsmartasia.com/,,
http://cottonandsago.com/,,
https://www.ohmygrocer.com/,,
https://bumbung.co/,,
https://www.krayon.asia/,,
https://www.thebatikboutique.com/,,
https://earthheir.com/,,
https://goceb.com/,,
https://enheroes.co/,,
https://www.hellogold.com/,,
https://www.urbanfarmtech.my/,,
https://gomobi.io/,,
https://vechnology.com.my/,,
https://pantangplus.com/,,
http://foodvalet.my/,,
https://www.sureplify.com/,,
https://cheqqme.com/,,
https://ischolar.my/,,
https://www.zapzapmath.com/,,
https://www.akiddo.com.my/,,
https://www.ajobthing.com/,,
http://www.moola.com.my/,,
https://my.roomz.asia/,,
https://www.homegp.asia/,,
https://trysmartbite.com/,,
https://www.doctoroncall.com.my/,,
https://remedi.my/,,
https://www.bawa.tech/,,
https://clickncare.net/,,
https://walnut.asia/,,
https://www.klean.asia/,,
https://hostastay.com/,,
https://www.favoriot.com/,,
http://www.plus-solar.com.my/,,
https://briohr.com/,,
https://www.bodanda.com/,,
https://www.facebook.com/spargoeats/,,
https://foodmarkethub.com/cloud/,,
https://www.regovtech.com/,,
https://kryptopos.com/,,
https://bukku.my/,,
http://stixfresh.my/,,
https://table2own.com/,,
https://www.babylonverticalfarms.com/,,
https://www.ezipod.my/,,
https://www.circlepac.com/,,
https://erth.business.site/,,
https://delyva.com/global/,,
https://www.pomenapp.com/,,
https://nakride.com/,,
https://moovby.com/,,
https://www.whipmobility.com/,,
https://www.forwardschool.co/,,
https://simplify.network/,,
https://chupspace.com/,,
https://www.hellohom.com/,,
https://www.studentqr.com/,,
https://www.wahdah.my/,,
https://www.idealhub.com/,,
https://canlaw.asia/,,
https://mytruck.my/,,
https://www.ricebowl.my/,,
https://ipricegroup.com/,,
https://www.feets.me/,,
https://www.avana.asia/,,
https://www.plant-os.com/,,
https://www.poptani.asia/,,
https://www.supplybunny.com/,,
https://cityfarm.my/,,
https://www.gogokids.my/,,
https://bolehcompare.com/,,
https://www.facebook.com/durianprojectplantation/,,
http://www.halogas.com/,,
https://www.sparadise.asia/,,
https://www.wowwwz.com/,,
https://www.lokalocal.com/,,
https://www.dropee.com/,,
https://pichaeats.com/en/,,
http://zoomitnow.co/,,
https://www.senangprint.com/,,
https://postco.co/,,
https://www.biji-biji.com/,,
https://hello.mytaman.com/,,
https://www.umai.io/,,
https://www.quadby.com/,,
https://www.ento.my/,,
https://healthmetrics.co/,,
https://www.purelyb.com/,,
https://www.jibble.io/,,
https://carepool.asia/,,
https://www.instahome.com/,,
https://www.softspace.com.my/,,
https://supahands.com/,,
https://nikahsatu.com/,,
https://hirepinkcollar.com/,,
https://mytukar.com/,,
https://www.kaodim.com/,,
https://adeasy.co/,,
https://www.recommend.my/,,
https://plush.services/,,
https://servishero.com/,,
https://www.parkitmy.com/,,
https://piktochart.com/,,
https://www.happybunch.com.my/,,
https://favful.com/,,
https://popmeals.com.my/kuala-lumpur/menu,,
https://bloomthis.co/,,
https://50gram.com.my/,,
https://www.flowerchimp.com/,,
https://my.wobbjobs.com/,,
https://cultiveat.co/,,
https://jagasolution.com/,,
https://www.ibupreneur.co/,,
https://www.medplanner.io,,
https://autocraver.com,,
https://www.maukerja.my/,,
https://www.ticket2u.com.my/,,
https://herokita.com/,,
https://doctor2u.my/,,
https://kryptopos.com/,,
https://loanstreet.com.my/,,
https://www.easyuni.my/en/,,
https://www.bookdoc.com/,,
https://valepine.com/,,
https://akrunow.com/,,
https://www.custella.com/,,
https://beligas.my/en/,,
https://www.adwork.io/,,
https://www.gokelas.com/,,
https://www.muslimbrands.com.my/,,
https://www.uhijau.org/,,
https://getmadcash.com/public/,,
https://wisecrafters.my/,,
https://www.magitech.com.my/,,
https://foundingbird.com/,,
https://www.biztory.com.my/,,
https://speedhome.com/,,
https://www.appsaya.com/,,
https://www.enya.my/,,
https://marketplace.bantu.my/,,
https://www.currenseek.com/,,
https://www.easylaw.com.my/,,
https://swifty.my/,,
https://vase.ai/,,
https://www.burgielaw.com/,,
https://vmo.rocks/,,
https://iresidenz.com/,,
https://www.toopmarketing.com/,,
https://supervisor.my/,,
https://shoppegram.com/,,
https://popwonders.com/,,
https://pasarsegar.my/,,
https://pandai.org/,,
https://www.iradarx.com/,,
https://homoto.my/,,
https://www.hexondata.com/,,
https://www.helloworldrobotics.xyz/,,
https://fitxcapes.co/,,
https://www.stories.farm/,,
https://edureviews.com/,,
https://www.degrocery.com/,,
https://boomgrowfarms.com/,,
https://anak2u.com.my/,,
https://airestec.com/,,
https://hartabumi.com/,,
https://kumoten.com/,,
https://deemples.com/,,
https://jirnexu.com/,,
https://fi.life/,,
https://myhomecrowd.com/,,
https://hometaste.my/,,
https://www.dobybox.com/,,
https://www.senangpks.com.my/,,
http://www.parkeasy.co/,,
https://kravve.co/,,
https://www.foodbike.my/,,
https://usepod.com/,,
https://www.payrecon.my/,,
https://www.besc.online/,,
https://homegrownfarms.com.my/,,
https://www.poladrone.com/,,
https://aerodyne.group/,,
http://myspatial.com.my/,,
https://www.mata-aero.com/,,
http://www.scs.my/v2/portfolio/uav/,,
https://www.linkedin.com/company/malvusense/,,
http://vstreamrevo.com/,,
https://dronology.my/,,
https://www.archidrone.info/,,
http://www.irtechnic.com/V3/index.html,,
http://www.geosense.com.my/v2/,,
http://www.meraque.com/,,
https://aeronerve.my/,,
https://asiadronetech.com/,,
http://www.ofo.my,,
http://braintrees.weebly.com/,,
https://algebra2u.com/app/home/hello,,
https://myfinb.com/,,
https://www.luxtag.io/,,
https://neuroware.io/,,
https://www.primekeeper.my/,,
https://www.fatberry.com/,,
https://www.goinsurance.com.my/,,
https://reddinoventures.com/,,
https://www.commsights.com/,,
https://www.runningman.my,,
https://www.reneontech.com/,,
https://joyfolk.co/,,
https://lapasar.com/,,
https://www.signaturemarket.co/,,
https://tresgo.my/,,
https://ejen2u.com/,,
https://serv.my/,,
http://www.vavapps.com/,,
https://www.jobstore.com/my,,
https://kakitangan.com/,,
https://www.foodadvisor.my/,,
https://www.dropit.my/,,
https://goget.my/,,
https://www.evenesis.com/,,
https://easyparcel.com/,,
https://jom.delivereat.my/,,
http://www.LiveIn.com,,
https://webuildeasy.com/,,
https://www.hrsifu.com/,,
https://www.babydash.com.my/,,
https://www.athenaempowers.com/,,
https://www.glogc.com/,,
https://www.easystore.co/,,
https://getslurp.com/,,
https://www.dropshipking.co/,,
https://www.naluri.life/,,
https://www.mindappz.com/,,
https://bungkusit.com.my/,,
https://www.vsure.life/,,
https://www.linkzzapp.com/,,
https://matdespatch.com/my/,,
https://madnilk.com/,,
http://www.upocket.com.my/v2/,,
https://www.slingapp.my/,,
http://nexplatform.my/,,
https://www.lifeorigin.my/,,
https://www.mycarpit.com/,,
https://www.petotum.com/,,
https://www.tanand.com.my/,,
https://dnsvault.net/,,
https://www.engageblink.com/,,
http://gluecktech.com/,,
https://my.healtopedia.com/,,
http://peasy.ai/,,
https://www.storehub.com/,,
https://www.catchthatbus.com/,,
https://www.katsana.com/,,
https://thelorry.com/,,
https://www.tideanalytics.com/,,
https://nanobar.io/,,
https://www.blueduck.my/,,
https://jomparking.com/,,
https://www.paydibs.com/,,
https://revenuemonster.my/,,
https://www.easypaytransfers.com/,,
http://www.moneymatch.co/,,
https://www.mcash.my/,,
https://www.my-my.com/,,
https://www.sedunia.me/,,
https://simpankira.com,,
https://www.hauz.com.my,,
https://www.enginemailer.com/,,
https://www.workspez.com,,
https://runcloud.io/,,
https://www.microleapasia.com/,,
https://heyalfred.co/,,
https://ouchfree.co/,,
https://www.whizzl.com,,
https://www.mycareconcierge.com,,
https://www.mysoftinn.com/,,
https://www.facebook.com/internspoonmy/,,
https://proficient.my,,
https://qmed.asia,,
https://ombre.app/,,
https://www.greenkaway.com/,,
https://www.scikey.ai/,,
http://www.bwave.co,,
https://www.wondaleaf.com/,,
https://ordersini.com,,
https://pentaip.com/,,
https://aitalentpdc.com/,,
https://www.stickerbear.com,,
https://www.youthopia.co,,
https://www.curlec.com/,,
https://mybump.my/,,
https://www.myaone.my,,
https://getbiib.com,,
https://www.degoapp.com,,
https://www.tourplus.my,,
https://www.salescandy.com/,,
https://ittify.com,,
https://www.carsome.my/,,
https://www.kakikuki.com,,
https://www.lokein.com,,
